datum;wahl;ags;gebiet-nr;gebiet-name;max-schnellmeldungen;anz-schnellmeldungen;A1;A2;A3;A;B;B1;C;D;unveraendert_1;veraendert_1;panasch_1;D1;D1_1;D1_2;D1_3;D1_4;D1_5;D1_6;D1_7;D1_8;D1_9;D1_10;D1_11;D1_12;D1_13;D1_14;D1_15;D1_16;D1_17;D1_18;D1_19;D1_20;D1_21;D1_22;D1_23;D1_24;D1_25;D1_26;D1_27;D1_28;D1_29;D1_30;D1_31;D1_32;D1_33;D1_34;D1_35;D1_36;D1_37;D1_38;D1_39;D1_40;D1_41;D1_42;D1_43;D1_44;D1_45;D1_46;D1_47;D1_48;D1_49;D1_50;D1_51;D1_52;D1_53;D1_54;D1_55;D1_56;D1_57;D1_58;D1_59;D1_60;D1_61;D1_62;D1_63;D1_64;D1_65;D1_66;D1_67;D1_68;D1_69;D1_70;D1_71;D1_72;D1_73;D1_74;D1_75;D1_76;D1_77;D1_78;D1_79;D1_80;D1_81;unveraendert_2;veraendert_2;panasch_2;D2;D2_1;D2_2;D2_3;D2_4;D2_5;D2_6;D2_7;D2_8;D2_9;D2_10;D2_11;D2_12;D2_13;D2_14;D2_15;D2_16;D2_17;D2_18;D2_19;D2_20;D2_21;D2_22;D2_23;D2_24;D2_25;D2_26;D2_27;D2_28;D2_29;D2_30;D2_31;D2_32;D2_33;D2_34;D2_35;D2_36;D2_37;D2_38;D2_39;D2_40;D2_41;D2_42;D2_43;D2_44;D2_45;D2_46;D2_47;D2_48;D2_49;D2_50;D2_51;D2_52;D2_53;D2_54;unveraendert_3;veraendert_3;panasch_3;D3;D3_1;D3_2;D3_3;D3_4;D3_5;D3_6;D3_7;D3_8;D3_9;D3_10;D3_11;D3_12;D3_13;D3_14;D3_15;D3_16;D3_17;D3_18;D3_19;D3_20;D3_21;D3_22;D3_23;D3_24;D3_25;D3_26;D3_27;D3_28;D3_29;D3_30;D3_31;D3_32;D3_33;D3_34;D3_35;D3_36;D3_37;D3_38;D3_39;D3_40;D3_41;D3_42;D3_43;D3_44;D3_45;D3_46;D3_47;D3_48;D3_49;D3_50;D3_51;D3_52;D3_53;D3_54;D3_55;D3_56;D3_57;D3_58;D3_59;D3_60;D3_61;D3_62;D3_63;D3_64;D3_65;D3_66;D3_67;D3_68;D3_69;D3_70;D3_71;D3_72;D3_73;D3_74;D3_75;D3_76;D3_77;D3_78;D3_79;D3_80;D3_81;unveraendert_4;veraendert_4;panasch_4;D4;D4_1;D4_2;D4_3;D4_4;D4_5;D4_6;D4_7;D4_8;D4_9;D4_10;D4_11;D4_12;D4_13;D4_14;D4_15;D4_16;D4_17;D4_18;D4_19;D4_20;D4_21;D4_22;D4_23;D4_24;D4_25;D4_26;D4_27;D4_28;unveraendert_5;veraendert_5;panasch_5;D5;D5_1;D5_2;D5_3;D5_4;D5_5;D5_6;D5_7;D5_8;D5_9;D5_10;D5_11;D5_12;D5_13;D5_14;D5_15;D5_16;D5_17;D5_18;D5_19;D5_20;D5_21;D5_22;D5_23;D5_24;D5_25;D5_26;D5_27;D5_28;D5_29;D5_30;D5_31;D5_32;D5_33;D5_34;D5_35;D5_36;D5_37;D5_38;D5_39;D5_40;D5_41;D5_42;D5_43;D5_44;D5_45;D5_46;D5_47;D5_48;D5_49;D5_50;D5_51;D5_52;D5_53;D5_54;D5_55;D5_56;D5_57;D5_58;D5_59;D5_60;D5_61;D5_62;D5_63;D5_64;D5_65;D5_66;D5_67;D5_68;D5_69;D5_70;D5_71;D5_72;D5_73;D5_74;D5_75;D5_76;D5_77;D5_78;D5_79;D5_80;unveraendert_6;veraendert_6;panasch_6;D6;D6_1;D6_2;D6_3;D6_4;D6_5;D6_6;D6_7;D6_8;D6_9;D6_10;D6_11;D6_12;D6_13;D6_14;D6_15;D6_16;D6_17;D6_18;D6_19;D6_20;D6_21;D6_22;D6_23;D6_24;D6_25;D6_26;D6_27;D6_28;D6_29;D6_30;D6_31;D6_32;D6_33;D6_34;D6_35;D6_36;unveraendert_7;veraendert_7;panasch_7;D7;D7_1;D7_2;D7_3;D7_4;D7_5;D7_6;D7_7;D7_8;D7_9;D7_10;D7_11;D7_12;D7_13;D7_14;D7_15;D7_16;D7_17;D7_18;D7_19;D7_20;D7_21;D7_22;D7_23;D7_24;D7_25;D7_26;D7_27;D7_28;unveraendert_8;veraendert_8;panasch_8;D8;D8_1;D8_2;D8_3;D8_4;D8_5;D8_6;D8_7;D8_8;D8_9;D8_10;D8_11;D8_12;D8_13;D8_14;D8_15;D8_16;D8_17;D8_18;D8_19;D8_20;D8_21;D8_22;D8_23;D8_24;D8_25;D8_26;D8_27;D8_28;D8_29;unveraendert_9;veraendert_9;panasch_9;D9;D9_1;D9_2;D9_3;D9_4;D9_5;D9_6;D9_7;D9_8;D9_9;D9_10;D9_11;D9_12;D9_13;D9_14;D9_15;D9_16;D9_17;D9_18;D9_19;D9_20;D9_21;D9_22;D9_23;D9_24;D9_25;D9_26;D9_27;D9_28;D9_29;D9_30;D9_31;D9_32;D9_33;D9_34;D9_35;D9_36;D9_37;D9_38;D9_39;unveraendert_10;veraendert_10;panasch_10;D10;D10_1;D10_2;D10_3;D10_4;D10_5;D10_6;D10_7;D10_8;D10_9;D10_10;D10_11;D10_12;D10_13;D10_14;D10_15;D10_16;D10_17;D10_18;D10_19;D10_20;D10_21;D10_22;D10_23;D10_24;D10_25;D10_26;D10_27;D10_28;D10_29;D10_30;unveraendert_11;veraendert_11;panasch_11;D11;D11_1;D11_2;D11_3;D11_4;D11_5;D11_6;D11_7;D11_8;D11_9;D11_10;D11_11;unveraendert_12;veraendert_12;panasch_12;D12;D12_1;D12_2;D12_3;D12_4;D12_5;D12_6;D12_7;D12_8;D12_9;D12_10;D12_11;D12_12;D12_13;D12_14;D12_15;D12_16;D12_17;D12_18;D12_19;D12_20;D12_21;D12_22;D12_23;D12_24;D12_25;D12_26;D12_27;D12_28;D12_29;D12_30;unveraendert_13;veraendert_13;panasch_13;D13;D13_1;D13_2;D13_3;D13_4;D13_5;D13_6;D13_7;D13_8;D13_9;D13_10;D13_11;D13_12;D13_13;D13_14;D13_15;D13_16;D13_17;D13_18;D13_19;D13_20;D13_21;D13_22;D13_23;D13_24;D13_25;D13_26;D13_27;unveraendert_14;veraendert_14;panasch_14;D14;D14_1;D14_2;D14_3;D14_4;D14_5;D14_6;D14_7;D14_8;D14_9;D14_10;D14_11;D14_12;D14_13;D14_14;D14_15;D14_16;D14_17;D14_18;D14_19;D14_20;D14_21;D14_22;D14_23;D14_24;D14_25;D14_26;D14_27;D14_28
14.03.2021;Stadtverordnetenwahl;06414000;;Mitte;15;15;12208;3402;0;15610;5729;2886;293;424594;444;150;80;55550;1145;915;906;948;863;872;855;800;894;851;818;782;748;796;808;720;740;714;763;750;755;715;776;714;681;681;682;666;678;759;659;686;669;715;770;665;634;705;640;643;618;681;617;640;605;605;665;630;612;595;629;635;597;637;672;636;617;591;583;630;587;622;601;654;637;578;576;577;589;549;566;604;584;579;596;582;581;636;595;613;568;1026;155;351;133830;3902;3730;3829;3656;3815;3549;3826;3361;3617;3371;3506;3401;3442;3114;3354;3077;3229;3009;3153;3063;3045;2848;2973;2763;2955;2722;2818;1700;1844;1590;1799;1629;1770;1617;1800;1639;1729;1575;1854;1570;1715;1580;1776;1523;1711;1536;1693;1542;1657;1504;1723;1489;1663;1474;466;120;103;61200;1236;1214;1132;1064;989;1077;1074;1093;915;990;933;897;826;852;786;871;846;828;824;840;858;936;856;849;825;769;807;763;805;762;733;806;703;823;702;729;781;722;669;749;663;700;697;709;746;695;656;686;766;668;634;689;622;654;622;650;609;634;605;650;609;649;695;634;620;614;688;643;608;630;602;600;597;595;582;585;645;600;595;598;522;184;28;24;19515;789;771;751;755;757;733;735;733;734;723;719;717;717;711;707;715;719;705;698;706;702;702;685;691;689;482;483;486;312;59;84;40325;1234;820;815;793;753;786;714;726;670;700;596;618;564;648;552;578;540;538;521;540;497;540;535;507;536;554;503;452;498;488;443;483;483;470;456;457;456;453;470;446;495;439;434;429;495;459;458;443;450;465;434;416;430;422;466;426;413;413;450;430;411;407;432;406;407;420;423;414;398;416;416;431;388;395;393;383;367;391;359;368;350;53;130;48413;2038;2073;2074;1888;2043;1822;1855;1803;1859;1280;1366;1277;1263;1149;1256;1144;1225;1112;1161;1110;1250;1079;1208;1087;1156;1126;1134;1033;1102;1102;1108;1053;1084;1015;1064;1014;33;9;6;4333;275;220;225;188;197;168;161;157;155;151;149;155;144;146;147;139;145;140;139;144;136;138;139;142;135;96;98;104;39;7;13;5272;298;279;258;226;215;201;188;189;213;191;192;191;199;179;185;164;169;159;167;173;157;179;161;124;127;123;117;121;127;42;15;4;6315;417;340;486;206;178;208;177;182;151;153;133;149;133;137;139;127;140;128;149;128;132;128;119;134;123;124;127;135;126;119;121;139;127;118;130;143;158;123;128;11;5;3;1773;105;85;95;80;73;71;67;62;64;59;65;59;59;57;65;59;56;57;54;54;56;38;41;43;41;39;44;40;43;42;39;4;51;6372;815;787;672;600;534;503;488;492;505;497;479;224;20;107;31951;1659;1751;1495;1481;1303;1302;1190;1272;1137;1182;1071;1154;1076;1094;1042;1061;1010;1052;984;1015;947;769;727;766;730;790;716;711;736;728;21;3;5;3044;184;147;144;138;161;118;114;112;131;113;98;104;98;94;96;108;94;108;92;98;98;102;94;107;94;100;97;60;3;7;6701;364;319;316;305;279;282;250;242;241;237;242;240;227;239;222;224;222;229;221;225;211;209;223;217;221;155;185;154
14.03.2021;Stadtverordnetenwahl;06414000;;Nordost;24;24;12064;5729;0;17793;8821;5057;246;669528;1401;413;306;178310;3548;2870;2782;2989;2753;2847;2684;2566;2745;2639;2571;2976;2366;2502;2449;2288;2569;2287;2353;2387;2295;2222;2343;2215;2275;2221;2143;2184;2095;2239;2060;2139;2109;2140;2234;2234;2058;2452;2069;2140;2019;2062;2020;2117;1998;1983;2019;2056;2075;1998;2037;2081;1964;2148;2118;2026;1964;1941;1931;1980;1926;1933;2101;2046;2068;1882;1938;1904;1922;1835;1845;2020;1924;1780;1852;1807;1871;2145;1937;2082;1917;1195;213;426;155476;4589;4412;4471;4226;4344;4071;4270;3907;4136;3851;4016;3917;3966;3671;3887;3635;3740;3629;3779;3630;3611;3392;3544;3336;3421;3347;3370;1977;2079;1858;1982;1860;1997;1970;2066;1836;2016;1831;1934;1805;1921;1841;2064;1788;1941;1784;1941;1769;1904;1789;1919;1784;1897;1755;715;199;181;94966;1771;1849;1728;1553;1467;1629;1468;1589;1409;1473;1278;1343;1243;1290;1249;1390;1369;1295;1191;1281;1341;1281;1188;1266;1163;1154;1238;1285;1206;1190;1118;1227;1100;1260;1097;1114;1198;1148;1065;1099;1044;1078;1101;1069;1180;1071;1043;1099;1234;1047;1069;1072;1039;1043;1026;1049;1001;1044;1033;1026;1037;1015;1043;1005;974;972;1159;1133;970;1007;958;1020;928;953;969;943;1106;977;1001;930;895;305;30;34;30888;1326;1252;1232;1237;1184;1183;1174;1166;1158;1146;1132;1122;1129;1130;1145;1118;1132;1102;1084;1089;1094;1082;1069;1081;1081;755;745;740;803;197;261;108965;3427;2058;2061;1995;1994;1922;2076;1761;1762;1746;1612;1585;1508;1514;1414;1436;1374;1400;1421;1427;1357;1442;1389;1389;1380;1362;1516;1385;1281;1400;1270;1280;1281;1286;1266;1388;1248;1404;1314;1247;1389;1222;1215;1205;1283;1253;1241;1215;1309;1243;1185;1183;1214;1198;1378;1180;1189;1173;1271;1154;1196;1178;1165;1149;1152;1129;1129;1121;1114;1097;1097;1093;1061;1052;1072;1058;1027;1057;966;974;241;24;85;31532;1463;1366;1343;1215;1353;1155;1167;1325;1137;801;827;801;793;737;814;786;772;727;767;740;765;706;750;713;731;795;722;682;710;689;726;686;707;680;708;673;69;10;28;9844;585;518;588;423;422;387;380;376;360;346;346;326;314;331;330;309;325;314;304;314;304;305;298;318;312;228;231;250;79;5;41;11511;673;731;638;477;442;409;405;410;460;387;379;422;401;367;418;360;383;351;349;368;333;397;340;267;254;278;263;276;273;26;12;8;5290;400;331;444;167;153;175;179;158;135;151;132;117;104;125;126;103;113;97;114;102;101;102;90;98;95;95;89;111;98;87;99;94;94;87;102;104;106;109;103;17;3;6;2098;156;119;109;78;80;78;91;71;74;66;71;71;68;65;67;63;65;65;64;63;68;48;48;51;51;48;54;46;48;52;38;8;37;4625;588;498;448;411;396;383;375;374;376;386;390;183;7;78;24771;1373;1353;1210;1138;1034;1015;946;947;901;914;856;887;831;841;811;799;786;790;762;782;748;588;569;576;554;572;550;545;543;550;8;7;4;1390;87;67;64;70;66;58;50;66;64;53;48;53;48;41;53;44;42;40;41;48;38;39;44;42;38;39;47;70;13;28;9862;619;495;481;514;396;401;368;368;352;346;338;354;325;362;326;326;314;319;320;306;312;301;308;294;303;226;262;226
14.03.2021;Stadtverordnetenwahl;06414000;;Südost;20;20;11043;4586;0;15629;7192;4003;254;542749;912;257;185;113468;2444;1836;1962;1886;1767;1735;1740;1604;1780;1655;1674;1529;1487;1660;1605;1400;1583;1432;1495;1533;1560;1396;1467;1380;1431;1352;1339;1416;1318;1410;1382;1413;1327;1382;1358;1403;1331;1464;1310;1396;1275;1347;1274;1344;1269;1265;1286;1352;1247;1258;1277;1364;1249;1324;1359;1342;1257;1246;1228;1299;1220;1204;1257;1335;1412;1201;1231;1230;1226;1172;1194;1217;1219;1162;1203;1165;1181;1333;1248;1270;1284;1064;173;379;137694;4051;3865;4020;3836;3944;3732;3898;3586;3757;3550;3582;3430;3562;3235;3421;3176;3335;3159;3260;3180;3184;2972;3137;2911;2986;2873;2881;1717;1849;1678;1796;1638;1761;1667;1798;1651;1718;1662;1728;1605;1705;1589;1731;1635;1708;1568;1672;1546;1785;1576;1657;1546;1649;1536;755;217;173;98263;1807;1922;1739;1660;1519;1686;1757;1647;1387;1487;1333;1439;1292;1315;1219;1397;1260;1311;1330;1319;1363;1468;1267;1433;1211;1236;1199;1243;1249;1254;1222;1239;1143;1243;1123;1194;1112;1172;1081;1170;1075;1159;1120;1131;1236;1139;1065;1144;1166;1134;1102;1164;1071;1105;1044;1289;1044;1090;1055;1082;1041;1091;1069;1066;1009;1050;1152;1080;1008;1037;1011;1041;976;995;996;1014;1059;968;944;908;885;262;40;25;27079;1120;1088;1063;1057;1034;1017;1022;1029;998;997;1002;996;994;992;986;992;984;977;977;971;963;968;954;960;959;662;670;647;608;107;168;75218;2242;1391;1398;1372;1401;1303;1262;1188;1202;1197;1082;1067;1029;1050;987;1036;982;985;974;1022;965;986;969;993;964;958;937;907;932;912;873;891;905;891;873;893;873;881;891;869;888;870;843;845;909;876;867;834;897;876;844;829;856;841;882;838;818;822;909;833;816;813;811;800;803;798;802;793;782;784;804;795;755;766;772;742;744;747;693;688;204;36;79;29792;1331;1321;1319;1190;1316;1155;1181;1168;1113;793;822;777;774;721;784;699;807;657;728;667;725;632;718;630;666;690;678;648;651;642;652;623;651;611;652;600;55;5;14;6784;414;357;378;275;264;251;255;244;240;227;231;238;225;239;237;222;243;227;220;233;219;219;219;226;214;153;154;160;90;9;13;10607;598;547;494;450;413;392;378;380;430;360;366;389;389;362;370;345;362;333;340;353;332;353;348;261;248;264;246;253;251;26;3;7;3674;278;209;252;109;107;118;111;100;89;101;89;89;80;84;86;71;83;77;74;81;71;79;74;77;76;73;74;77;73;72;67;69;68;73;81;67;70;70;75;16;3;5;2075;127;104;99;88;79;79;75;76;70;76;73;74;69;69;69;71;70;68;64;66;67;47;47;51;50;48;49;50;50;50;36;6;28;3955;524;462;398;373;333;314;314;311;307;312;307;164;12;66;23607;1345;1343;1160;1121;1007;1029;947;943;893;901;817;837;779;797;751;746;742;752;713;706;693;530;508;517;507;528;502;491;499;503;21;7;2;2840;150;123;134;146;126;107;106;103;110;94;101;102;101;97;96;104;101;94;94;92;94;92;94;95;98;95;91;51;12;23;7693;497;407;367;356;292;312;283;275;284;267;262;263;260;273;251;271;246;249;259;246;245;247;244;237;240;176;199;185
14.03.2021;Stadtverordnetenwahl;06414000;;Rheingauviertel, Hollerborn;18;18;11743;3652;0;15395;5858;3140;265;435947;518;213;115;71531;1600;1165;1127;1179;1124;1128;1096;1001;1147;1032;1076;933;964;1004;980;892;974;1015;961;961;907;907;928;888;881;892;859;870;850;862;821;915;843;1024;903;845;820;888;891;855;805;833;805;854;782;792;810;820;788;777;816;841;786;809;840;823;801;774;776;806;759;766;773;787;845;757;776;760;765;794;788;781;779;786;767;764;826;839;785;769;719;854;142;368;117514;3529;3316;3446;3235;3367;3187;3286;3031;3183;3038;3038;3015;3039;2766;2906;2690;2891;2662;2808;2665;2697;2513;2619;2464;2535;2439;2449;1463;1565;1407;1522;1388;1506;1386;1577;1389;1498;1412;1550;1355;1466;1375;1493;1333;1458;1341;1485;1340;1478;1344;1480;1323;1456;1310;608;189;162;84094;1796;1671;1598;1500;1379;1497;1331;1511;1263;1296;1135;1380;1101;1175;1083;1245;1086;1126;1086;1153;1078;1235;1073;1155;1051;1057;1010;1066;1013;1052;1013;1014;951;1070;941;1031;958;1001;906;1057;892;1008;938;1010;1032;972;899;968;982;961;914;945;899;920;880;943;883;929;893;921;912;921;932;897;868;897;1010;904;864;867;833;875;823;840;833;845;915;855;794;771;705;251;42;23;26081;1050;1029;1019;1018;999;999;988;970;977;968;959;962;961;957;946;955;956;941;949;939;926;937;917;925;923;648;637;626;293;65;51;36702;1174;786;760;697;676;741;665;654;622;625;550;590;541;559;501;535;473;493;476;515;441;483;459;440;482;451;461;427;426;436;406;430;427;445;405;432;418;405;422;429;424;392;395;388;432;416;403;392;426;438;391;379;394;398;431;394;374;388;413;379;378;373;390;378;373;370;380;381;358;375;370;375;354;371;362;349;353;353;325;329;296;38;111;41316;1797;1768;1768;1602;1731;1536;1574;1550;1546;1123;1259;1090;1093;1003;1077;979;1031;946;1011;949;1033;912;998;921;974;954;947;889;933;929;928;890;926;869;916;864;26;0;11;3637;260;206;202;158;153;137;134;123;136;129;118;122;120;123;116;113;117;123;113;108;116;110;117;108;108;94;81;92;57;0;10;6108;342;322;287;248;237;228;230;225;252;211;201;230;221;200;224;195;206;199;200;199;191;212;192;148;135;148;139;143;143;40;16;16;7483;565;426;495;239;263;236;221;199;183;225;184;191;163;172;154;144;160;154;143;162;144;155;151;160;151;156;145;148;138;147;160;144;146;145;140;148;140;134;152;12;5;2;1653;101;80;82;76;67;67;66;69;63;63;58;53;54;51;54;51;52;51;51;54;52;35;43;35;35;37;45;34;40;34;33;5;42;5091;616;597;498;465;439;430;412;408;413;406;407;170;13;78;24218;1339;1384;1133;1163;1006;975;887;931;862;898;803;881;807;836;778;786;753;807;751;761;721;584;548;582;526;590;528;522;529;547;24;12;9;4395;246;206;213;250;220;163;165;160;177;156;148;153;144;150;151;161;147;159;141;135;146;136;133;145;126;137;127;52;2;9;6124;374;323;300;277;242;250;235;223;233;222;209;207;206;213;197;199;195;210;197;197;203;191;202;187;203;143;149;137
14.03.2021;Stadtverordnetenwahl;06414000;;Klarenthal;9;9;5639;1385;0;7024;2265;1209;110;163784;285;117;54;36777;710;525;527;648;531;500;521;491;548;515;501;471;470;494;488;454;488;468;462;450;454;474;477;457;493;443;450;438;448;448;443;506;454;515;434;437;439;489;433;456;424;427;414;447;415;415;419;435;408;410;408;424;419;425;450;423;425;398;404;419;404;400;404;409;431;393;403;388;405;394;397;423;415;431;447;416;417;478;515;519;429;166;22;50;20749;692;584;622;568;575;534;569;525;557;514;545;515;538;586;510;493;501;472;511;474;475;442;467;438;458;444;436;256;355;246;253;244;258;253;262;239;266;247;264;232;253;225;249;235;243;223;248;223;249;229;250;237;243;222;360;115;64;45168;831;765;768;653;658;668;616;637;601;573;580;594;559;594;580;625;565;790;563;579;601;583;542;571;588;536;542;580;547;564;550;545;559;575;525;549;560;553;526;524;522;538;552;533;532;533;515;547;527;553;529;525;537;518;511;520;517;516;525;514;852;517;539;503;494;504;545;489;491;481;487;482;471;468;515;469;529;575;446;409;419;184;60;25;21636;851;827;818;815;807;805;797;820;799;803;800;809;804;800;790;789;794;792;791;784;786;796;774;772;770;561;548;534;105;17;43;14276;441;268;278;246;251;246;234;220;207;211;188;197;185;184;172;175;172;178;165;175;178;182;169;177;175;181;166;171;168;171;169;169;181;163;166;169;162;166;164;169;165;164;157;157;166;158;167;165;195;164;157;153;168;347;184;159;160;166;164;158;167;156;167;153;167;153;147;156;153;149;152;151;142;139;143;141;146;137;140;134;82;7;19;9519;436;374;393;376;391;361;354;335;343;248;244;248;240;224;232;224;236;223;230;230;233;214;247;217;227;251;217;220;219;229;224;212;218;211;225;213;7;3;3;1326;80;71;88;46;50;50;49;42;45;44;48;50;41;43;44;44;45;51;41;47;41;40;52;42;35;38;27;32;23;5;11;3567;203;185;156;142;145;127;127;268;134;118;123;122;116;118;128;109;114;113;110;114;109;111;107;77;80;80;77;79;75;5;8;3;1263;60;73;53;34;33;34;35;42;37;30;29;36;29;32;33;26;31;26;26;30;26;24;26;24;23;35;23;25;25;22;26;28;27;21;21;58;53;21;26;5;1;1;559;39;30;24;21;18;18;21;21;18;21;18;21;18;20;18;21;19;20;18;19;20;12;12;12;13;12;12;16;15;12;3;1;5;632;82;74;60;65;48;58;47;51;52;49;46;13;0;2;1791;130;106;87;99;74;70;71;69;61;60;64;60;64;57;55;57;51;54;48;49;49;40;40;38;39;41;37;35;48;38;23;16;3;3391;153;131;142;181;144;129;132;132;131;114;124;128;126;120;114;116;119;116;118;124;113;120;109;113;107;120;115;27;1;7;3130;177;147;154;135;127;122;107;108;106;110;112;113;112;121;117;112;109;105;105;100;103;103;101;103;103;71;74;73
14.03.2021;Stadtverordnetenwahl;06414000;;Westend, Bleichstraße;12;12;9436;2692;0;12128;4388;2252;182;326013;241;131;60;35078;716;573;555;563;570;518;585;485;566;520;552;466;465;503;451;422;471;425;533;479;458;424;497;444;409;437;419;436;422;443;399;425;427;445;422;433;435;423;401;410;388;424;396;425;403;405;398;433;388;389;405;429;396;394;438;426;393;388;388;405;383;382;406;408;418;369;379;384;386;370;388;367;366;371;377;364;372;384;369;358;339;796;116;342;107691;3138;3044;3089;2960;3054;2885;2989;2692;2877;2786;2794;2676;2754;2504;2687;2445;2603;2415;2527;2453;2506;2339;2433;2248;2361;2200;2277;1367;1492;1293;1429;1297;1415;1301;1549;1299;1388;1292;1391;1254;1412;1250;1410;1246;1347;1227;1400;1229;1347;1201;1361;1201;1351;1206;371;114;132;53956;1092;1118;1038;961;864;990;954;1222;824;846;775;818;734;719;677;753;689;740;688;727;701;816;715;737;702;680;679;685;692;667;654;671;621;682;608;649;616;650;597;631;608;611;685;620;648;612;581;606;602;600;602;593;577;591;560;587;552;569;568;572;560;587;605;562;548;552;606;578;553;569;537;540;568;516;519;530;533;487;484;470;426;110;23;7;11589;457;456;446;442;442;437;442;443;435;431;425;423;424;423;419;423;423;422;419;417;422;417;415;415;411;291;287;282;161;13;26;17495;540;362;337;320;305;316;287;271;255;279;238;244;229;259;222;235;218;225;218;224;214;231;215;206;232;210;217;208;215;210;202;217;222;221;209;197;210;202;216;210;212;199;196;197;214;201;206;194;198;196;204;192;201;191;206;191;188;188;203;194;190;192;188;185;184;187;191;198;182;181;187;184;179;185;185;178;176;180;174;170;326;73;126;47806;2022;2023;2041;1823;1910;1775;1797;1682;1788;1251;1372;1272;1226;1128;1356;1115;1220;1092;1214;1066;1235;1058;1197;1099;1190;1079;1151;1009;1133;1076;1109;1049;1142;1000;1092;1014;8;1;5;1478;123;96;113;83;84;58;61;62;55;57;49;53;44;54;49;37;43;40;34;40;35;31;32;38;34;23;25;25;25;5;5;3303;204;176;156;148;141;128;129;124;138;113;112;124;116;107;117;104;104;98;102;118;98;105;102;82;68;73;70;76;70;18;10;11;3603;276;223;301;126;126;116;106;105;94;96;91;96;81;79;79;76;71;74;73;69;74;71;90;70;68;71;67;63;64;57;71;63;62;59;63;64;62;54;52;10;1;2;1285;80;64;72;67;57;47;48;46;43;44;43;48;42;40;39;39;39;40;39;39;38;28;28;29;28;28;34;29;35;32;46;7;34;5535;704;640;546;547;480;458;425;425;433;452;425;210;19;80;28315;1460;1558;1277;1301;1140;1137;1031;1149;1020;1054;952;1048;955;981;924;950;884;947;865;896;856;699;643;676;638;706;654;628;640;646;18;5;6;2671;137;114;119;133;136;94;99;104;114;97;94;106;96;102;93;94;92;84;84;83;91;86;81;89;84;82;83;54;4;15;6208;319;279;272;268;245;247;234;222;227;221;219;221;218;224;215;221;215;221;215;217;211;210;207;205;202;149;160;144
14.03.2021;Stadtverordnetenwahl;06414000;;Sonnenberg;10;10;3746;2536;0;6282;3423;2203;90;259070;567;229;146;79007;1560;1232;1197;1325;1208;1205;1152;1108;1184;1157;1120;1120;1049;1099;1116;1001;1068;993;998;1037;996;964;1026;1011;1026;1462;959;975;942;1005;925;957;949;927;1002;1054;914;1175;900;929;925;943;895;933;896;903;901;937;888;902;884;922;887;956;959;896;878;871;847;899;857;851;869;929;896;846;870;950;843;805;805;882;871;781;800;777;776;929;862;862;797;367;86;128;50592;1516;1388;1454;1387;1380;1312;1387;1264;1335;1220;1284;1271;1299;1177;1259;1193;1189;1161;1214;1199;1154;1094;1130;1075;1069;1156;1024;650;664;623;653;624;654;748;717;606;632;611;656;588;630;620;641;590;668;577;631;582;628;594;621;607;623;563;250;61;77;33979;689;704;667;564;559;611;559;579;489;532;456;481;442;499;433;510;433;463;426;453;692;449;413;440;412;419;417;425;408;419;391;431;389;404;378;397;398;393;384;392;373;375;383;380;411;380;367;388;407;370;366;383;370;368;364;373;360;371;373;364;356;361;353;346;339;345;436;358;335;346;326;394;326;341;360;324;391;320;326;462;308;90;8;10;9218;394;373;368;357;358;355;347;346;348;343;342;345;340;337;336;336;341;334;332;329;321;327;316;316;315;220;221;221;381;68;136;50525;1535;920;940;1017;869;886;852;834;824;812;817;749;728;716;695;693;658;681;654;663;629;651;647;620;625;612;656;625;590;649;575;577;576;592;607;634;594;620;600;585;591;572;579;563;591;584;566;565;621;581;572;551;560;545;632;559;541;558;580;546;543;562;566;528;544;527;525;520;517;519;515;530;482;483;494;486;473;534;446;467;55;6;32;8278;388;350;352;328;356;300;298;355;306;217;222;208;215;194;212;198;215;189;206;191;212;187;194;190;197;216;194;173;179;179;183;177;182;168;177;170;57;9;14;7484;443;360;391;321;311;288;289;278;291;253;267;281;247;258;257;246;248;247;237;236;228;224;268;249;250;170;173;173;42;6;18;5839;345;341;324;236;220;242;211;206;227;197;189;207;197;185;218;186;190;183;184;197;178;202;179;141;129;137;131;132;125;4;2;3;1107;71;118;85;42;36;42;42;35;38;35;28;20;17;34;19;13;28;21;19;23;13;23;22;23;20;23;24;20;15;17;19;13;12;15;20;15;13;20;14;4;0;3;678;49;36;33;29;27;28;32;24;27;22;21;23;20;22;20;22;19;21;20;20;19;16;16;16;16;16;17;15;16;16;20;1;8;1428;188;149;142;125;121;115;120;117;115;117;119;47;2;22;6182;337;315;292;276;242;246;227;229;221;232;215;224;201;214;201;214;200;211;194;205;192;152;144;150;141;154;138;142;136;137;4;0;0;400;16;15;15;16;20;14;13;13;17;13;15;14;15;14;14;14;17;14;15;16;14;15;14;14;14;14;15;36;3;7;4353;264;226;225;235;184;162;171;166;157;157;148;146;140;148;136;138;138;138;145;134;135;132;142;132;139;97;111;107
14.03.2021;Stadtverordnetenwahl;06414000;;Bierstadt;14;14;6655;2841;0;9496;4385;2477;158;327724;732;236;141;91423;1671;1378;1382;1489;1368;1278;1306;1247;1316;1262;1226;1211;1218;1209;1237;1164;1187;1157;1143;1176;1151;1137;1140;1117;1199;1135;1129;1120;1122;1133;1081;1105;1099;1100;1127;1513;1089;1397;1095;1109;1069;1081;1090;1101;1057;1057;1076;1087;1047;1069;1045;1091;1064;1051;1099;1078;1080;1039;1062;1084;1025;1024;1021;1068;1077;992;1010;1010;997;966;977;1002;981;954;959;965;943;1236;1049;1053;964;547;67;151;65493;1985;1841;1946;1803;1802;1725;1779;1694;1754;1655;1662;1645;1656;1571;1627;1536;1566;1514;1552;1544;1518;1443;1494;1419;1429;1433;1415;813;836;778;825;797;808;820;839;771;815;790;830;778;803;798;811;770;796;760;815;753;808;764;799;766;793;749;567;170;129;72115;1360;1368;1382;1126;1196;1206;1079;1094;1014;1198;962;1011;957;992;979;1031;956;953;924;975;998;958;905;969;873;891;872;979;872;946;868;900;857;862;844;889;826;867;848;855;807;857;839;838;1042;853;814;833;824;827;809;835;835;795;784;842;775;806;833;782;781;798;790;774;749;746;871;772;737;782;730;765;711;807;736;882;767;672;645;682;646;179;24;18;18520;760;721;705;710;714;699;698;696;687;685;677;675;675;673;676;693;684;660;667;680;665;665;655;662;665;463;457;453;278;35;73;33267;1048;639;596;576;558;560;565;512;509;512;476;469;457;455;448;468;432;436;431;437;423;432;431;420;429;408;415;409;386;404;388;395;389;389;387;410;376;385;394;380;397;371;374;372;390;387;376;374;457;385;370;378;385;377;400;365;362;380;407;362;376;360;377;357;360;361;358;349;349;358;352;348;340;342;341;338;339;343;305;311;134;18;28;15693;706;654;652;599;636;580;585;611;573;397;416;389;399;379;402;413;404;372;393;370;389;361;379;361;371;386;371;344;350;353;361;347;356;330;355;349;17;4;5;2783;192;179;173;129;138;113;112;104;109;98;94;105;93;88;89;80;86;81;77;79;76;75;81;81;75;54;55;67;70;16;27;9833;521;687;482;404;396;356;352;353;365;340;329;348;342;335;354;317;335;316;315;329;304;336;300;228;219;221;213;215;221;14;3;1;1653;99;90;90;47;47;51;40;45;38;41;45;45;40;39;37;40;35;34;40;38;34;37;34;38;34;37;33;35;36;33;33;35;35;32;37;41;38;37;33;6;3;0;801;51;37;39;40;31;35;31;30;31;37;27;32;22;25;29;22;22;26;22;24;23;17;15;19;21;16;17;16;18;26;28;0;13;1962;236;202;199;182;163;170;168;165;164;153;160;62;5;26;7925;385;381;348;337;320;325;302;312;303;302;276;294;276;279;268;271;272;268;251;261;246;188;182;187;182;186;178;180;181;184;13;4;3;1830;95;66;75;70;100;64;67;75;83;63;78;61;65;58;59;68;58;63;60;57;60;59;59;66;56;76;69;33;5;14;4426;262;214;239;208;185;188;172;160;154;154;164;145;142;158;147;147;141;142;143;143;142;137;142;132;143;95;124;103
14.03.2021;Stadtverordnetenwahl;06414000;;Erbenheim;7;7;5055;1575;0;6630;2424;1351;141;175662;370;119;89;46940;807;687;673;771;651;627;631;637;678;635;636;612;613;606;649;601;613;589;606;599;611;583;593;576;701;573;577;579;1049;586;555;562;568;552;560;584;555;659;560;556;546;543;532;554;535;537;541;538;525;538;538;556;533;539;568;530;534;522;530;538;583;509;517;522;545;508;516;515;500;494;507;510;492;498;500;709;486;524;605;553;510;211;17;68;25602;791;717;766;691;726;676;696;716;676;637;657;612;639;602;617;590;604;588;594;571;582;560;578;557;561;555;548;327;333;319;329;307;323;312;334;323;320;307;321;303;322;308;324;304;314;296;317;301;316;304;314;292;327;298;326;113;69;42902;709;732;803;635;653;660;615;624;627;598;582;553;566;552;575;591;556;582;533;570;556;558;522;547;527;523;529;565;509;697;535;536;523;536;508;498;494;507;831;496;481;507;521;510;504;501;479;493;500;494;505;491;489;485;473;479;470;469;961;465;463;473;492;454;447;454;510;449;444;448;437;443;438;478;441;433;454;412;383;370;389;139;27;22;15182;609;599;589;585;572;569;563;565;560;562;559;557;562;557;556;561;559;555;555;561;548;553;535;541;538;372;368;372;114;15;33;13983;436;290;270;238;230;236;218;211;202;220;188;187;187;219;177;193;180;207;177;199;177;189;179;172;184;183;174;174;176;166;159;169;167;171;168;161;163;162;175;170;175;155;155;159;163;160;164;152;161;161;149;155;158;149;178;152;153;178;166;148;154;144;164;149;159;147;146;146;140;143;140;141;132;137;140;136;142;143;139;146;58;4;21;7957;368;342;326;311;323;291;297;358;284;219;211;219;208;196;195;190;189;185;190;185;193;174;192;183;192;197;183;176;183;177;179;166;172;165;174;164;24;5;11;3282;177;171;150;131;134;130;125;120;122;119;119;116;112;116;110;113;118;111;110;108;107;104;105;105;108;81;77;83;62;12;26;8220;372;363;346;315;315;438;303;315;308;290;288;292;291;286;292;281;294;282;275;277;266;280;264;204;193;204;197;190;199;6;1;1;799;37;51;41;21;21;24;23;17;18;23;25;16;15;22;21;18;21;16;16;19;16;22;17;19;20;16;16;20;16;16;19;19;16;16;19;16;15;16;20;7;1;4;1060;55;48;51;39;39;38;38;41;41;38;38;41;39;39;36;34;34;34;40;34;34;29;26;25;25;25;25;25;25;24;8;0;4;752;93;81;76;75;63;61;59;64;59;60;61;28;3;17;4340;235;224;210;210;187;194;167;187;165;164;149;157;145;154;144;138;129;141;131;134;123;103;93;100;92;99;91;89;93;92;15;7;7;2199;99;90;99;92;95;81;87;78;80;78;76;82;78;75;78;80;75;77;80;81;75;83;73;80;71;78;78;18;1;8;2444;147;126;111;112;96;105;94;96;91;85;96;86;82;82;80;75;75;86;75;79;73;72;77;71;74;51;81;66
14.03.2021;Stadtverordnetenwahl;06414000;;Biebrich;32;32;20817;6296;0;27113;10241;5494;442;754668;1348;626;239;177589;3287;2985;2595;2880;2532;2498;2407;2321;2761;2427;2998;2226;2254;2397;2336;2095;2239;2100;2504;2326;2251;2150;2214;2100;2240;2103;2136;2103;2014;2055;2017;2103;2065;2115;2083;2069;2205;2218;2010;2097;2051;2051;2053;2129;2047;2088;2111;2145;2060;2107;2091;2120;2093;2124;2095;2130;2119;2050;2072;2124;2054;2035;2047;1998;2098;2008;2025;2010;2012;1950;1969;1967;1953;2238;1946;1891;1946;2236;2159;2189;2482;1109;157;353;138054;4080;3869;3948;3787;3915;3633;3773;3570;3688;3487;3677;3417;3493;3264;3457;3199;3332;3151;3311;3285;3156;2987;3103;2917;3046;2933;2921;1725;1849;1684;1809;1654;1771;1692;1832;1636;1754;1666;1835;1608;1718;1634;1755;1595;1710;1568;1716;1576;1716;1604;1685;1571;1715;1577;1229;416;297;162630;2890;2920;2883;2558;2495;2581;2434;2459;2275;2366;2172;2232;2348;2603;2096;2315;2103;2163;2064;2155;2162;2225;2052;2113;2065;1983;2009;2039;1975;1984;2294;1986;1906;2001;1883;2049;1898;1950;1862;1926;1905;2036;1922;1862;1987;1878;1804;1899;1897;1849;1905;1896;1824;1817;1799;1824;1815;1827;1784;1870;1788;1848;1872;1782;1736;1735;1905;1775;1781;1737;1681;1694;1648;1648;2218;1611;1723;1579;1524;1473;1998;592;81;69;61383;2462;2426;2364;2352;2343;2310;2313;2311;2299;2285;2279;2270;2274;2263;2252;2242;2240;2212;2205;2217;2209;2217;2167;2172;2169;1516;1525;1489;699;128;192;85292;2471;1559;1512;1496;1500;1462;1410;1327;1363;1355;1247;1221;1219;1187;1129;1164;1089;1145;1094;1169;1066;1106;1171;1074;1099;1044;1086;1026;1049;1049;1002;1011;1022;1000;1018;1027;1006;996;1027;1016;1029;967;1029;971;1029;1013;978;960;1018;1001;955;955;975;948;1003;952;930;954;986;936;918;936;957;919;911;917;907;906;887;903;898;885;853;865;870;864;835;862;808;788;361;56;104;46398;2001;1936;1898;1809;1888;1690;1816;1815;1703;1204;1270;1170;1183;1101;1193;1113;1157;1103;1145;1078;1150;1062;1127;1063;1090;1114;1082;1039;1070;1097;1058;1032;1067;1004;1058;1012;58;5;20;7697;474;396;644;315;322;279;299;280;261;259;253;271;254;249;247;237;248;252;235;239;234;228;237;234;238;167;173;172;119;12;31;14538;797;768;674;596;553;543;534;510;575;495;510;544;530;500;533;476;504;472;463;501;457;501;463;366;327;336;332;335;343;51;9;13;6880;464;359;418;263;219;209;187;168;171;182;156;163;148;170;156;154;156;139;150;146;147;145;138;146;133;141;158;172;134;136;135;146;138;131;141;142;139;135;145;22;1;10;3103;190;168;157;151;131;124;125;128;119;119;109;105;101;96;96;94;105;101;96;90;88;66;64;68;72;67;68;70;67;68;47;2;42;5251;617;557;498;473;460;456;437;435;430;457;431;202;10;67;25601;1354;1340;1195;1147;1024;1034;961;1023;914;944;884;921;863;889;843;856;812;849;796;839;792;615;580;606;577;625;574;576;589;579;57;16;25;8609;414;376;388;361;376;323;327;321;355;309;298;292;296;302;296;328;290;295;303;303;290;305;284;305;278;317;277;82;14;29;11643;643;541;529;499;450;481;450;429;434;423;430;409;397;408;388;392;390;415;382;396;383;375;368;368;375;273;320;295
14.03.2021;Stadtverordnetenwahl;06414000;;Dotzheim;24;24;14669;4394;0;19063;7030;3760;293;524508;1004;260;162;117833;2140;1766;1737;1975;1741;1675;1636;1586;1736;1652;1606;1531;1564;1560;1623;1480;1554;1507;1521;1530;1493;1533;1551;1434;1498;1470;1420;1479;1405;1442;1375;1456;1546;1560;1451;1424;1415;1528;1408;1444;1411;1414;1394;1440;1365;1364;1370;1457;1361;1357;1358;1419;1332;1347;1436;1402;1347;1323;1330;1370;1320;1311;1347;1368;1387;1306;1350;1302;1314;1277;1309;1292;1295;1291;1324;1279;1288;1349;1423;1362;1290;739;115;268;96479;2813;2715;2794;2645;2699;2535;2601;2507;2563;2429;2457;2345;2470;2251;2365;2220;2314;2169;2522;2218;2204;2071;2180;2035;2091;2050;2035;1247;1290;1287;1273;1143;1248;1192;1289;1161;1243;1160;1226;1132;1190;1156;1229;1149;1208;1118;1213;1117;1203;1123;1192;1099;1191;1102;916;300;241;123103;2287;2264;2226;2168;1877;1980;1854;1845;1709;1737;1664;1682;1637;1636;1608;2319;1599;1670;1554;1635;1685;1657;1589;1597;1547;1524;1541;1582;1518;1503;1495;1491;1565;1522;1434;1523;1456;1467;1419;1454;1395;1450;1446;1444;1527;1464;1417;1451;1434;1499;1507;1440;1387;1386;1363;1410;1350;1386;1355;1383;1389;1418;1351;1334;1336;1329;1580;1330;1279;1304;1269;1287;1223;1236;1321;1233;1326;1201;1137;1110;1096;448;66;63;47393;1909;1866;1837;1823;1801;1789;1761;1778;1753;1748;1736;1761;1746;1736;1738;1745;1739;1719;1724;1711;1708;1707;1688;1677;1680;1196;1167;1150;424;69;109;50535;1445;894;1002;864;821;811;769;759;773;737;739;708;698;690;672;672;644;648;656;653;712;625;677;639;640;644;614;604;629;594;610;590;680;594;585;605;578;591;597;586;601;583;587;584;643;611;574;578;594;597;582;574;571;567;572;568;575;573;573;572;555;569;563;558;586;553;557;545;548;557;545;547;530;527;536;509;532;514;483;493;235;46;77;30799;1362;1321;1236;1190;1304;1125;1178;1285;1117;794;814;830;802;736;770;753;760;699;743;712;739;687;742;691;738;765;709;704;700;770;693;662;692;644;691;641;45;4;9;5602;310;314;311;214;263;202;211;207;201;197;199;197;190;199;193;179;196;190;179;179;175;178;172;182;174;130;126;134;87;7;25;10185;525;508;431;398;389;384;382;387;414;362;358;376;369;357;369;351;350;345;341;361;326;347;329;237;230;238;236;248;237;22;6;10;4232;288;213;259;127;115;152;143;114;100;134;112;103;93;109;96;92;107;85;96;98;97;88;89;91;93;89;81;86;80;78;80;84;86;75;82;83;81;77;76;14;3;6;2256;154;111;112;98;87;85;82;81;84;78;77;81;73;76;80;72;73;77;67;71;69;55;52;49;49;54;55;51;53;50;29;7;17;2758;366;304;278;234;236;228;226;214;224;219;229;127;9;53;17430;933;965;793;762;724;696;655;665;624;633;580;622;581;582;578;565;545;552;534;546;531;411;405;405;404;453;398;394;448;446;30;14;15;4967;225;194;203;227;207;180;187;179;190;177;179;195;180;179;185;181;180;174;176;178;177;179;171;175;161;166;162;72;6;40;10936;608;522;494;487;433;471;421;425;407;414;404;395;376;391;361;369;368;374;349;341;352;338;343;332;340;263;298;260
14.03.2021;Stadtverordnetenwahl;06414000;;Rambach;3;3;1201;553;0;1754;952;489;43;71523;138;41;24;16921;325;246;265;296;259;228;246;229;262;217;227;218;215;224;227;210;234;216;209;225;210;206;212;206;219;252;211;209;202;203;194;221;200;208;208;219;198;234;195;206;192;196;189;205;193;199;192;206;188;209;194;211;192;193;226;199;185;186;186;196;184;181;192;191;198;183;186;175;190;174;178;193;180;170;180;176;177;191;291;206;197;143;13;40;16430;496;457;462;437;458;431;443;416;432;423;420;405;411;393;416;389;394;384;395;378;382;361;376;359;362;358;353;207;207;199;205;196;207;210;206;195;208;200;206;195;207;200;209;193;208;194;204;194;208;197;204;193;200;187;125;43;28;16574;283;298;314;256;262;407;220;250;227;235;207;217;212;221;203;233;212;226;212;203;256;207;203;204;199;207;204;230;202;202;204;199;192;195;189;193;193;204;187;195;185;193;197;195;199;193;183;196;193;189;190;191;198;186;185;186;182;192;182;182;181;177;173;177;173;178;192;182;169;178;163;342;166;199;176;159;201;160;157;166;145;42;3;2;4075;160;156;155;155;156;154;154;155;154;152;149;147;158;149;147;149;150;150;148;149;150;145;144;144;145;98;102;100;64;5;14;6981;219;126;121;118;119;112;118;107;105;110;100;102;98;92;101;85;85;86;85;87;84;92;83;85;84;85;83;87;83;83;81;80;80;80;80;87;80;82;86;83;81;80;89;80;80;80;80;80;83;86;81;79;79;79;82;79;79;79;83;79;78;77;77;80;80;80;77;77;77;77;77;77;76;74;74;72;71;79;71;68;23;2;4;2464;117;102;102;98;111;95;92;100;82;59;58;58;57;60;60;69;60;60;57;57;60;57;56;62;56;63;56;55;55;57;55;55;55;55;58;55;14;2;3;1560;66;67;68;67;64;60;57;57;57;57;57;56;53;53;56;53;53;68;53;53;53;53;55;52;52;48;36;36;19;0;2;1917;105;99;92;79;75;67;67;67;70;67;67;67;68;65;70;64;67;66;64;67;63;67;62;46;45;44;46;44;47;0;0;3;200;9;9;13;6;6;9;6;6;6;5;5;5;5;5;4;4;5;5;5;5;5;5;5;5;5;5;5;5;4;4;6;3;3;3;3;3;2;3;3;0;0;0;28;6;6;7;3;3;3;0;0;0;0;0;0;0;0;0;0;0;0;0;0;0;0;0;0;0;0;0;0;0;0;1;0;2;215;31;27;25;25;19;13;16;16;14;16;13;21;0;8;2608;117;125;110;120;101;113;101;113;101;106;100;95;85;94;85;90;83;86;82;82;81;66;60;64;60;61;57;58;56;56;1;0;0;123;12;12;9;9;6;3;3;3;6;3;3;3;3;3;3;3;3;3;3;3;3;3;3;6;6;3;3;7;1;6;1427;82;67;66;62;55;55;52;51;53;52;55;51;51;55;51;51;51;51;47;45;44;44;44;43;43;36;35;35
14.03.2021;Stadtverordnetenwahl;06414000;;Heßloch;2;2;382;178;0;560;387;147;14;28863;77;31;20;9912;153;136;135;140;128;125;124;133;135;137;135;128;124;122;134;126;125;141;121;122;127;139;129;121;128;123;123;123;122;129;123;120;122;121;125;139;121;146;115;124;120;119;116;118;119;116;117;127;115;124;115;118;117;113;125;110;116;112;113;113;112;112;113;112;118;110;112;114;108;108;112;113;108;110;116;115;112;141;140;130;109;26;3;4;2931;77;86;89;80;88;87;78;83;74;71;77;75;82;75;66;69;68;77;77;74;73;61;63;72;62;62;69;36;44;42;31;32;31;40;31;31;40;31;32;31;31;32;36;31;41;31;31;31;34;40;31;31;32;32;67;32;11;8815;124;138;164;127;152;124;122;114;114;116;112;115;112;119;110;116;111;114;109;111;111;109;109;109;106;106;108;113;108;108;104;107;108;109;104;104;104;104;104;104;104;107;104;105;107;104;104;104;104;104;105;104;229;104;105;102;102;102;103;102;102;102;104;101;101;98;110;98;98;100;96;100;93;148;94;94;98;88;79;73;70;18;4;4;2011;80;75;75;78;75;75;75;75;75;75;75;75;75;74;76;74;75;72;72;72;72;72;68;71;74;53;52;51;16;0;3;1529;45;22;23;20;23;23;22;23;20;20;20;19;19;22;19;22;19;19;22;19;18;36;18;18;18;18;20;21;18;20;18;18;18;18;18;18;18;21;18;18;18;18;18;18;21;18;18;18;18;18;17;17;17;17;17;17;17;20;17;17;17;20;17;17;17;17;20;17;17;17;17;17;17;17;17;17;17;17;16;16;9;1;1;985;49;49;39;39;53;36;32;45;32;22;23;23;25;22;22;22;22;22;22;22;26;22;22;22;22;27;22;22;22;24;22;22;22;22;23;22;1;0;0;109;13;13;4;4;4;4;4;4;4;4;3;3;3;3;3;3;3;3;3;3;3;3;3;3;3;2;2;2;10;1;2;1086;42;57;45;39;42;39;39;39;39;39;39;39;39;39;42;39;39;38;38;38;37;43;37;29;26;26;26;26;26;0;0;0;27;3;15;3;3;3;0;0;0;0;0;0;0;0;0;0;0;0;0;0;0;0;0;0;0;0;0;0;0;0;0;0;0;0;0;0;0;0;0;0;0;0;0;0;0;0;0;0;0;0;0;0;0;0;0;0;0;0;0;0;0;0;0;0;0;0;0;0;0;0;0;0;0;0;1;0;0;46;7;4;4;4;4;4;4;4;4;4;3;5;0;1;521;34;25;22;21;21;21;18;18;18;18;18;18;18;18;18;18;18;18;18;18;17;12;12;12;12;12;12;12;12;12;0;0;0;3;3;0;0;0;0;0;0;0;0;0;0;0;0;0;0;0;0;0;0;0;0;0;0;0;0;0;0;9;2;1;888;35;32;32;35;32;32;32;32;32;32;32;36;32;37;31;34;31;31;34;31;31;31;46;31;31;21;21;21
14.03.2021;Stadtverordnetenwahl;06414000;;Kloppenheim;3;3;1139;634;0;1773;1029;554;37;75980;133;34;54;18333;379;295;276;304;283;260;259;266;288;254;244;241;239;238;264;252;239;237;223;243;231;230;243;235;284;220;234;218;250;223;218;220;220;214;223;243;211;253;215;217;217;210;338;242;223;222;208;213;209;220;210;219;213;201;216;209;195;206;205;194;196;194;190;206;196;185;188;187;192;186;190;188;190;195;202;206;184;193;241;180;188;132;17;64;17398;517;481;502;479;473;462;468;462;452;436;446;439;427;417;437;408;411;397;413;401;397;376;389;372;368;357;360;220;233;211;223;210;221;209;231;213;219;215;218;209;221;219;226;211;224;209;223;209;220;209;223;206;217;202;123;107;38;21704;371;435;876;318;377;347;313;284;306;297;300;279;278;275;291;303;275;251;262;278;282;279;264;267;252;257;273;294;262;252;250;261;251;251;252;244;247;243;247;242;245;243;258;242;270;244;254;247;258;248;253;245;262;237;239;237;236;233;251;237;234;235;242;234;230;227;270;250;222;237;261;222;203;517;228;217;214;181;182;132;141;26;5;4;3004;125;130;125;120;118;115;111;114;111;111;111;111;108;110;110;113;109;109;109;108;102;102;100;101;100;72;72;77;53;5;15;5935;169;102;105;97;109;98;101;91;82;86;81;83;77;78;77;76;74;77;74;74;72;85;72;79;72;74;76;77;75;75;72;72;72;72;72;74;71;75;74;71;72;71;71;71;71;71;71;71;78;68;68;68;72;68;73;67;67;66;75;67;65;65;65;64;67;65;64;62;62;63;62;63;61;65;61;57;57;58;56;54;22;3;14;3255;160;157;144;144;141;126;121;150;117;85;84;86;81;77;76;77;80;75;74;74;74;73;73;76;71;76;71;78;67;67;68;67;67;66;66;66;6;0;2;649;43;36;32;28;22;22;22;22;22;22;22;25;24;23;22;22;22;23;22;22;21;21;21;22;21;15;15;15;19;3;8;2408;108;109;97;100;90;87;93;87;95;87;87;87;87;89;84;84;84;83;83;89;80;79;79;59;59;59;59;59;65;2;1;0;190;14;7;10;8;5;5;5;7;5;5;4;4;4;4;4;4;4;4;4;4;4;4;4;4;4;4;7;4;4;4;4;4;4;4;4;4;4;4;4;1;0;0;106;13;7;7;4;4;4;4;4;4;4;3;3;3;3;3;3;3;3;3;3;3;2;2;2;2;2;2;2;2;2;7;0;4;555;56;52;53;49;49;50;49;49;49;50;49;10;0;3;1300;72;69;62;53;48;50;42;46;46;50;48;46;43;44;43;40;43;44;39;43;42;36;32;34;32;31;29;29;32;32;1;0;0;128;7;7;7;4;7;7;4;4;5;5;4;4;4;4;4;4;4;4;4;4;4;4;7;4;4;4;4;6;0;5;1015;53;50;47;44;41;42;41;35;35;38;44;35;38;40;34;34;35;35;32;30;30;30;33;31;30;24;30;24
14.03.2021;Stadtverordnetenwahl;06414000;;Igstadt;3;3;1156;611;0;1767;1032;540;39;77399;184;44;34;21324;367;320;291;319;285;299;275;311;283;296;274;281;277;273;293;275;261;270;270;263;274;272;284;269;296;271;273;254;296;262;257;261;263;259;257;268;252;280;262;256;252;256;269;264;263;259;258;252;248;258;251;267;270;255;259;260;248;263;256;253;247;247;242;247;249;239;242;244;246;240;230;243;229;227;227;238;217;234;258;229;239;121;31;41;15990;441;419;421;411;428;403;422;395;422;398;415;391;393;367;518;378;383;378;400;388;378;356;368;348;361;355;342;202;207;192;206;195;194;194;199;196;198;201;194;191;199;197;196;190;202;187;195;185;199;219;193;200;194;186;153;53;30;19492;335;297;339;286;339;296;308;287;292;281;258;264;262;255;243;253;243;251;235;241;263;248;242;252;235;235;242;428;250;235;235;233;232;227;223;228;233;221;226;220;220;221;230;226;237;222;219;221;230;220;225;222;231;217;217;223;216;217;229;220;215;215;224;219;223;214;244;227;212;220;215;226;202;238;214;193;330;192;188;169;176;42;3;4;3968;165;157;153;155;152;152;152;152;152;149;148;145;148;142;142;145;142;145;141;140;140;140;139;142;141;98;95;96;55;11;16;6821;195;105;108;110;95;96;98;92;98;93;90;89;92;91;89;89;83;89;85;83;82;84;92;85;82;88;82;81;85;83;80;83;83;80;80;86;80;80;80;82;80;85;82;146;84;82;79;80;96;85;80;78;78;83;79;81;79;82;85;84;80;80;83;77;76;76;74;73;75;74;73;76;76;72;72;70;71;71;68;68;19;7;8;2960;123;122;125;111;111;105;100;105;111;79;75;76;79;67;78;84;72;75;74;94;77;73;74;70;73;84;75;59;67;65;63;64;61;58;68;63;5;0;2;577;35;23;35;23;25;20;20;19;20;22;19;22;19;21;18;19;19;21;19;19;18;18;20;18;21;17;13;14;20;8;2;2460;112;109;96;93;93;96;93;94;94;93;90;93;95;89;95;90;92;95;89;95;89;92;85;48;49;50;49;50;52;1;0;2;267;23;16;17;9;7;8;7;9;6;7;6;6;6;7;7;6;8;6;6;6;6;7;5;5;5;6;5;4;4;4;5;4;4;4;7;4;4;4;7;4;0;0;377;21;14;13;15;14;15;15;17;15;12;15;12;15;13;12;12;18;12;12;12;12;8;11;8;8;11;11;8;8;8;5;0;1;358;43;38;31;38;34;31;28;31;28;28;28;18;0;6;2060;99;99;93;100;76;79;72;76;71;78;74;78;70;80;67;70;69;71;66;70;65;52;50;55;47;49;44;44;50;46;1;0;0;113;7;6;3;4;4;3;3;4;6;3;7;3;3;4;3;3;10;3;3;4;3;3;4;3;4;3;7;5;0;3;632;38;32;35;29;25;25;22;21;23;21;21;24;21;21;21;21;21;21;21;21;21;21;21;20;20;15;15;15
14.03.2021;Stadtverordnetenwahl;06414000;;Nordenstadt;8;8;4078;2021;0;6099;2878;1734;123;210277;392;290;139;64697;1042;900;878;957;883;829;844;866;903;846;832;801;817;825;906;1005;835;813;806;811;817;799;819;796;1964;818;824;793;835;774;768;779;784;878;768;799;753;876;770;781;762;764;771;791;779;766;754;773;740;1128;741;800;755;746;797;770;735;748;829;735;716;708;734;717;721;692;698;692;695;679;662;693;674;688;663;696;625;664;706;654;642;275;33;113;33809;1049;901;933;892;919;857;897;867;889;833;851;841;837;800;841;794;795;780;803;780;788;748;770;730;738;714;728;432;458;416;455;417;435;412;429;411;439;415;426;422;425;423;435;406;422;404;429;409;432;407;434;408;429;404;326;110;112;45115;796;782;886;677;747;701;701;641;1212;604;607;607;599;608;593;643;592;591;581;597;585;601;556;576;546;554;570;606;556;570;530;566;542;554;531;547;535;542;537;516;514;523;517;539;552;529;518;539;538;523;523;522;514;503;536;508;496;507;537;496;494;499;496;492;484;486;557;476;472;470;459;480;445;460;462;448;504;439;402;384;387;119;17;14;12217;522;492;484;486;478;463;462;457;464;446;445;447;448;440;436;448;445;437;434;431;438;424;428;429;431;306;299;297;134;11;49;16389;530;317;305;295;291;275;265;265;249;253;235;236;231;222;209;210;208;213;212;210;200;212;208;207;202;202;200;201;202;200;193;206;207;198;192;203;191;204;193;192;191;193;191;193;208;197;202;186;202;195;190;187;183;194;195;187;180;182;193;174;175;177;180;176;178;174;178;169;168;167;167;170;164;162;160;154;154;153;143;153;62;5;18;6908;300;275;283;253;263;248;251;268;258;175;179;173;174;173;179;169;171;166;176;171;170;159;172;164;167;163;164;158;161;167;164;157;160;156;162;159;21;2;6;2589;152;133;123;105;107;128;99;92;93;89;92;89;88;89;83;85;86;82;86;84;83;84;82;84;83;60;61;67;114;39;53;17977;1223;729;716;775;666;660;643;635;705;645;607;649;617;607;604;645;591;593;577;723;566;586;565;429;439;437;453;473;419;4;5;0;837;86;62;37;22;19;20;19;19;18;18;18;16;18;26;16;16;17;17;16;17;18;17;16;16;17;20;16;17;17;17;26;17;16;16;19;17;18;17;23;7;1;3;976;54;48;46;52;45;40;38;41;39;38;32;32;32;32;32;32;35;36;30;31;27;19;20;19;19;21;21;21;23;21;16;2;7;1026;122;111;98;90;87;87;89;83;92;83;84;24;2;17;3554;186;173;155;152;142;137;136;140;132;132;133;134;126;122;120;116;114;116;111;112;109;83;85;84;85;87;82;82;84;84;6;3;0;807;48;36;36;36;37;34;33;38;33;28;27;27;25;24;27;24;27;24;27;27;25;24;33;26;26;26;29;24;0;12;3376;206;176;169;157;131;135;135;129;133;120;113;117;113;118;113;111;106;110;113;106;107;99;100;98;106;82;89;84
14.03.2021;Stadtverordnetenwahl;06414000;;Delkenheim;5;5;2719;971;0;3690;1601;852;62;118449;247;109;55;33318;547;465;465;500;446;440;454;443;480;441;435;416;422;430;919;417;445;409;423;427;420;429;417;412;503;418;409;406;416;404;401;408;412;402;404;416;420;423;402;411;397;400;392;401;388;387;390;398;386;394;382;469;383;385;402;384;379;378;377;393;379;372;377;382;373;364;373;357;479;356;348;364;354;343;348;372;333;362;383;354;323;143;12;49;17183;557;482;456;464;465;458;453;450;437;430;429;436;440;418;423;419;412;415;414;413;390;386;387;377;363;377;358;219;210;210;212;210;212;208;210;210;208;207;228;205;206;213;218;209;206;206;208;200;206;209;212;211;212;209;275;103;63;35847;577;548;611;508;565;507;511;475;507;478;461;464;709;451;474;498;462;464;461;458;465;446;446;455;457;432;451;451;442;453;442;439;426;429;425;434;427;428;432;420;414;424;432;434;434;417;422;427;417;427;423;419;431;409;806;403;409;410;429;401;409;416;424;410;400;395;463;389;391;387;377;385;378;379;382;363;369;343;348;314;348;79;9;22;8727;340;340;338;337;331;340;334;337;331;335;322;328;322;322;312;316;314;316;311;312;310;311;301;305;304;220;221;217;97;19;19;11213;323;175;181;168;178;164;170;175;160;167;148;144;273;141;144;145;141;145;146;140;140;145;143;148;142;137;133;136;132;132;142;132;135;133;129;136;133;130;144;130;136;132;129;130;135;129;132;130;128;129;128;128;135;131;136;128;128;128;128;127;130;126;126;126;127;125;125;124;127;127;124;123;121;118;119;122;121;115;111;109;16;1;4;2038;94;79;84;76;75;83;82;77;74;64;53;55;52;52;52;53;52;50;49;53;47;49;48;47;45;50;43;44;44;46;43;42;42;50;42;47;6;0;1;733;53;32;48;34;30;31;23;26;26;22;24;26;25;23;26;23;23;23;21;23;22;27;24;25;21;15;15;22;23;6;10;3256;158;145;133;129;127;125;126;124;131;120;114;117;117;115;114;111;110;113;113;118;111;113;104;80;77;78;78;79;76;9;5;3;1690;58;61;66;42;42;116;43;39;43;40;41;51;51;91;52;51;38;36;36;38;48;38;39;37;36;37;33;30;38;27;27;38;39;26;30;38;38;27;29;2;1;0;228;15;12;12;13;12;9;9;12;9;10;9;10;6;6;6;6;6;7;6;7;6;5;4;5;4;4;5;4;5;4;5;1;6;693;77;64;64;67;65;60;60;63;60;56;57;8;1;7;1406;77;74;63;66;50;56;51;53;48;53;46;49;43;53;45;51;43;48;41;45;41;37;33;38;32;37;32;32;34;35;3;5;0;679;25;19;34;31;22;19;31;23;20;19;19;28;28;22;23;31;28;19;31;31;22;33;19;33;19;31;19;12;1;3;1438;87;70;62;60;55;57;56;47;47;47;56;50;51;47;47;47;50;48;47;46;49;46;53;49;54;34;43;33
14.03.2021;Stadtverordnetenwahl;06414000;;Schierstein;9;9;5830;2309;0;8139;3458;1980;145;252583;454;281;122;68315;1110;1023;1001;1852;976;960;901;888;992;961;1004;861;911;899;928;835;869;869;953;879;859;1276;1051;844;912;825;843;814;808;809;784;822;830;830;797;814;810;907;784;811;791;819;785;805;772;773;771;1080;771;761;780;804;768;794;847;775;767;757;750;776;757;759;760;765;783;722;974;706;721;688;680;692;691;710;682;672;653;707;701;913;731;359;38;95;42514;1291;1195;1236;1135;1174;1079;1133;1150;1118;1068;1092;1032;1098;1022;1053;997;1018;981;1054;975;990;937;972;937;952;924;926;534;554;545;548;503;536;521;527;507;534;525;543;504;516;504;517;492;513;488;524;490;528;497;523;487;527;488;472;148;120;61958;1067;1087;1111;1038;965;982;875;907;848;857;804;846;823;873;806;884;795;823;774;1007;820;806;779;807;774;850;773;794;744;775;748;751;795;734;721;806;724;725;721;738;709;725;726;709;745;740;707;723;720;741;1384;728;699;713;703;697;692;694;700;684;686;714;681;674;665;654;780;669;652;654;641;640;620;618;684;604;613;576;562;508;567;184;39;22;19962;811;790;781;779;765;765;753;761;748;753;735;726;731;724;718;731;727;718;717;717;709;715;706;709;710;496;485;482;146;12;45;17653;517;329;335;300;304;292;296;274;297;276;267;238;240;239;225;230;228;229;222;230;214;225;226;217;221;207;234;222;219;209;207;208;204;201;204;210;203;207;209;201;215;199;202;205;214;214;206;206;213;203;233;200;194;195;212;192;195;197;201;197;198;208;197;187;196;191;193;187;187;193;190;190;182;183;185;180;180;182;163;172;78;8;32;10829;489;471;466;406;459;408;397;452;403;293;272;290;266;255;256;253;260;249;259;250;250;243;246;241;250;251;243;327;241;247;241;238;238;234;243;242;29;0;12;3589;208;170;212;148;147;130;129;125;142;130;121;133;122;125;124;119;118;121;121;117;115;112;109;116;113;88;84;90;57;7;17;6968;369;345;312;270;266;269;259;274;269;248;244;245;247;244;248;234;231;228;236;237;227;247;225;165;165;167;169;163;165;7;2;3;1223;108;86;85;44;33;39;30;34;28;29;27;24;23;30;26;25;24;22;30;26;22;23;24;22;38;23;23;24;24;24;24;22;24;23;20;22;22;19;27;21;8;5;2761;159;155;122;113;99;115;99;103;102;101;96;100;95;91;94;93;94;91;100;92;89;61;61;63;62;61;59;58;59;74;18;3;16;1808;206;194;173;169;157;159;155;148;153;148;146;62;5;26;8532;424;435;416;378;341;350;330;331;318;319;294;316;292;298;280;313;274;288;262;275;259;199;191;202;186;208;180;180;196;197;8;6;6;1557;73;61;65;64;64;58;66;57;56;59;55;60;61;59;55;64;54;56;57;54;55;52;50;48;47;55;52;35;2;19;4914;254;230;225;222;200;198;183;179;178;179;177;171;172;172;166;165;169;170;165;165;161;159;165;155;160;124;129;121
14.03.2021;Stadtverordnetenwahl;06414000;;Frauenstein;3;3;1088;849;0;1937;1166;758;47;85613;191;105;51;27656;506;414;382;501;389;399;388;386;401;385;359;375;355;376;360;357;359;371;364;376;350;362;353;339;356;344;348;336;333;345;335;329;329;332;326;341;327;376;331;334;729;332;326;333;317;321;328;320;317;318;316;323;314;317;328;320;313;313;309;316;306;305;302;303;317;298;298;299;301;287;291;307;284;298;281;270;288;303;296;287;296;63;10;36;9072;309;267;266;250;255;236;243;249;243;243;232;226;221;212;218;208;217;201;222;211;206;191;210;187;192;202;183;123;118;109;119;108;111;115;116;103;107;111;108;101;108;115;119;110;109;101;111;101;110;102;115;108;111;103;150;96;52;24296;430;397;443;400;338;345;327;322;306;318;311;317;315;318;321;386;312;328;292;320;315;334;689;313;302;303;302;285;284;293;289;279;704;285;280;283;278;294;276;290;268;279;274;272;282;276;264;297;279;267;288;334;263;264;260;264;276;273;273;272;273;462;283;267;255;255;316;250;258;247;234;238;226;215;243;223;224;201;195;189;193;81;9;10;8306;334;323;319;321;318;315;316;310;312;312;308;308;309;307;304;304;306;297;300;302;298;295;293;293;293;206;205;198;58;15;25;8429;264;168;163;158;150;147;139;141;218;139;123;126;133;120;118;122;114;116;113;112;119;125;115;111;108;104;108;100;105;103;95;97;94;94;94;100;94;98;98;97;100;108;97;93;93;93;93;96;101;91;91;90;90;92;92;89;89;89;92;90;89;88;90;88;92;87;86;86;85;83;85;80;76;76;75;73;71;71;67;69;19;2;10;2695;114;105;108;97;98;105;96;108;91;71;72;73;69;67;70;70;66;63;64;61;67;61;66;65;61;70;62;67;67;64;63;60;64;62;68;60;2;0;0;350;30;26;25;17;23;14;14;14;13;13;13;16;10;11;11;7;7;7;8;7;10;10;7;12;8;5;5;7;11;0;4;1444;88;69;69;62;69;58;55;52;57;48;48;44;55;47;45;44;52;47;45;47;43;43;45;38;32;36;32;32;42;2;0;0;243;20;18;19;7;4;10;5;8;4;4;7;4;4;4;5;4;4;4;10;7;5;4;4;4;5;4;4;10;4;5;4;4;4;4;10;4;4;4;4;2;0;0;208;12;9;9;9;9;9;9;9;9;9;10;9;9;7;6;6;7;6;6;6;6;4;4;5;4;4;4;4;4;4;3;3;5;649;74;71;67;62;59;57;54;52;54;51;48;10;0;6;1380;90;78;72;75;60;60;56;58;53;53;43;46;39;45;42;42;40;45;41;38;39;29;29;29;29;31;29;29;30;30;0;0;1;95;7;4;4;3;5;3;3;3;9;3;3;3;3;3;4;3;3;3;3;3;4;3;3;2;4;2;2;6;0;3;790;64;41;36;44;33;30;25;25;28;29;32;24;24;29;23;26;24;25;25;28;24;24;24;23;21;18;23;18
14.03.2021;Stadtverordnetenwahl;06414000;;Naurod;6;6;2190;1390;0;3580;2138;1216;75;160829;469;185;75;58718;912;797;791;863;786;772;760;755;846;756;741;750;751;753;769;772;751;739;729;762;747;732;729;722;780;743;718;723;730;721;714;712;710;720;735;760;702;757;700;722;699;723;705;719;719;706;697;720;690;701;699;713;713;691;736;707;687;689;691;699;685;680;673;675;687;663;661;668;652;641;634;652;633;624;644;638;596;683;1337;685;671;233;26;71;27390;839;786;795;752;756;710;721;710;736;685;697;696;688;665;695;650;652;635;663;628;679;623;629;612;601;600;583;342;341;328;343;331;340;335;342;325;344;329;331;322;331;334;338;325;336;316;330;318;323;314;326;315;325;320;285;44;63;32049;561;527;598;461;563;493;456;457;434;453;475;423;413;413;404;418;407;403;404;404;430;420;398;417;387;392;404;398;399;395;399;406;382;382;405;405;383;390;380;384;376;383;413;383;398;380;375;382;388;378;384;383;382;371;371;370;371;377;370;372;362;362;370;359;360;355;388;358;352;353;346;365;341;367;343;332;336;324;331;300;315;75;14;12;8402;358;331;322;341;318;316;312;306;318;310;304;308;307;307;306;312;318;308;304;298;301;298;285;299;293;209;211;202;160;14;40;18220;511;304;312;292;294;287;288;265;288;265;262;249;247;241;249;237;238;244;231;240;226;327;225;232;229;221;223;221;230;225;213;213;218;216;216;227;212;216;213;221;217;210;207;208;215;212;207;212;230;209;209;205;206;214;212;209;204;224;215;202;203;204;210;203;204;204;207;202;199;203;198;201;196;193;195;185;183;183;176;176;29;7;10;4017;173;168;182;169;173;153;146;166;139;97;103;99;94;91;97;115;92;89;96;92;93;89;93;98;89;92;93;91;94;91;97;90;94;95;94;90;7;3;1;999;76;61;61;51;49;40;39;33;37;33;34;37;33;32;33;32;31;31;31;31;27;27;27;27;27;19;20;20;42;3;13;5043;251;238;223;222;223;200;200;193;190;181;177;176;189;173;173;169;168;178;165;172;159;173;158;119;118;116;113;114;112;1;2;0;330;21;24;17;9;10;11;9;7;7;7;7;8;8;8;7;8;9;7;7;7;10;7;7;8;7;6;7;7;7;6;7;6;6;7;7;7;7;6;7;4;0;1;446;32;21;20;20;19;17;17;16;15;15;15;16;15;15;16;15;15;15;19;15;15;9;10;9;9;9;10;9;9;9;5;1;6;658;84;73;71;61;58;52;52;52;52;52;51;15;2;2;1895;103;100;88;84;78;76;74;74;75;76;70;64;66;60;62;60;58;58;58;59;58;43;43;42;42;44;45;45;46;44;4;1;0;458;19;19;17;19;17;16;17;17;16;16;21;16;16;16;18;16;16;16;18;17;16;16;17;17;16;17;16;14;0;11;2204;113;96;102;97;95;88;89;85;88;85;78;84;80;79;76;73;76;72;74;70;72;70;68;68;67;53;53;53
14.03.2021;Stadtverordnetenwahl;06414000;;Auringen;4;4;1617;1022;0;2639;1580;902;37;119968;266;68;64;32365;549;460;440;469;442;440;427;447;451;431;436;413;406;422;408;665;410;396;404;420;386;400;402;390;423;393;395;392;409;394;384;396;393;384;386;403;387;414;383;391;383;381;393;395;410;379;381;383;376;388;377;381;384;379;402;381;381;384;379;380;381;375;368;376;386;366;368;358;370;361;353;359;353;341;355;358;346;373;510;393;377;204;30;66;25251;753;680;699;681;698;650;668;626;672;620;644;605;634;596;620;579;604;576;598;587;593;551;569;552;543;536;529;310;330;303;323;308;325;317;326;303;320;309;317;301;324;302;319;300;320;298;461;300;322;307;323;296;329;295;185;47;56;24666;408;410;481;374;496;406;343;340;324;341;580;329;327;328;318;329;317;313;315;340;316;319;307;314;297;291;294;308;298;306;292;292;294;293;450;294;290;298;289;285;286;291;296;288;293;292;282;286;286;284;291;280;324;280;282;279;274;358;282;274;275;280;273;272;262;267;286;266;264;267;248;268;243;275;247;240;241;216;212;201;209;56;7;11;6191;265;257;252;246;242;235;237;230;233;228;227;224;226;225;220;221;226;218;219;218;218;218;214;218;215;153;155;151;74;5;24;9308;313;182;182;180;183;167;161;156;160;158;142;151;130;145;124;128;120;131;116;125;110;118;133;109;117;111;112;105;133;115;104;106;109;103;109;109;102;103;106;102;109;103;99;102;118;104;99;99;107;100;99;102;102;104;105;104;103;104;108;100;99;98;108;97;101;99;103;97;94;93;93;94;89;90;89;87;86;86;77;87;32;6;6;4050;175;177;173;163;160;152;143;152;150;106;104;105;104;96;106;124;97;94;98;93;96;89;97;88;94;93;96;88;96;91;94;91;96;89;93;87;8;1;1;1055;68;61;59;41;43;53;42;38;42;36;36;43;33;31;34;34;32;30;32;30;30;33;32;32;34;23;23;30;67;22;16;9286;383;384;359;346;597;332;328;329;341;319;322;332;418;310;310;305;301;484;298;302;291;298;299;218;219;221;216;212;212;1;0;1;205;30;10;13;15;14;6;3;3;3;3;3;10;2;2;2;7;2;2;2;6;2;2;2;2;2;2;2;9;2;2;2;2;6;3;3;9;9;3;3;4;1;5;831;42;39;37;33;31;33;30;32;29;32;38;30;33;32;26;25;25;31;24;24;24;20;19;19;20;20;20;20;23;20;8;0;8;837;91;90;79;75;74;75;72;66;70;71;74;14;0;10;2505;150;136;129;118;107;107;96;99;95;98;91;95;81;89;77;79;75;78;71;74;68;57;51;56;53;57;53;54;57;54;2;0;0;236;14;14;14;14;11;7;7;7;9;7;7;7;7;7;7;7;7;7;7;7;8;8;8;14;8;8;8;24;4;10;3182;167;148;142;139;133;127;121;115;115;112;115;120;111;107;110;105;111;108;105;105;105;105;101;107;101;79;95;73
14.03.2021;Stadtverordnetenwahl;06414000;;Medenbach;3;3;1404;566;0;1970;872;465;40;63134;120;33;35;15037;246;207;194;207;205;198;186;212;193;191;189;187;191;185;197;192;186;190;188;190;191;182;189;188;216;180;181;186;202;194;180;184;182;184;180;191;181;189;182;180;181;182;187;185;322;183;179;181;178;181;179;189;177;179;190;179;181;183;176;179;176;176;175;172;177;177;171;172;170;169;164;173;163;167;160;168;153;182;208;167;150;53;10;18;6858;239;194;199;186;206;184;194;190;191;177;173;166;170;175;177;174;162;161;160;150;154;143;153;142;143;145;142;84;88;78;81;79;84;79;84;81;81;87;80;79;85;83;81;86;85;80;87;79;81;80;79;78;80;79;133;118;22;21214;361;337;350;290;762;306;280;268;287;281;276;277;270;274;271;287;266;279;266;277;272;267;265;266;257;255;271;274;264;269;247;250;251;252;262;256;251;258;259;247;246;250;255;250;259;253;246;253;253;249;260;248;254;242;245;246;243;248;259;246;240;239;244;256;242;241;252;250;234;229;239;236;228;251;229;217;226;206;195;151;146;55;15;7;6131;252;236;239;241;234;228;231;228;231;230;231;228;228;230;225;223;222;222;224;220;218;220;215;216;215;148;148;148;32;6;16;4527;117;77;77;72;67;77;69;68;68;74;69;74;69;68;57;59;57;57;57;58;55;54;54;58;56;54;55;58;57;54;54;58;57;53;56;53;53;54;55;54;56;54;53;53;55;53;52;52;55;53;52;55;53;52;59;52;52;52;52;52;55;52;51;54;55;54;53;52;48;52;48;48;47;47;47;45;45;45;36;33;25;8;6;3500;162;149;206;136;122;132;111;136;127;98;99;92;91;88;90;86;78;78;79;80;79;78;78;79;78;81;79;78;78;78;78;78;79;79;81;79;8;0;1;809;29;35;48;31;32;28;29;28;33;29;28;28;28;28;33;28;29;28;29;28;28;28;27;27;27;19;19;25;10;0;11;1558;82;74;69;65;71;65;57;57;64;55;55;56;55;53;53;51;50;52;50;48;48;48;53;39;38;38;38;38;36;0;0;0;57;6;10;6;0;6;0;0;0;0;0;0;6;6;0;3;0;6;0;0;1;0;0;0;0;1;0;0;0;6;0;0;0;0;0;0;0;0;0;0;6;0;0;492;18;18;18;18;18;18;18;18;18;18;18;18;18;18;18;18;18;18;18;18;18;12;12;12;12;12;15;12;12;15;7;0;5;508;58;47;50;47;47;43;43;43;43;43;44;3;2;4;765;34;34;30;30;33;30;30;30;30;30;29;30;30;28;27;25;23;25;21;23;21;20;18;20;21;19;18;19;18;19;0;0;1;85;5;4;4;4;4;3;3;3;3;3;4;3;3;3;3;3;3;3;3;3;3;3;3;3;2;2;2;9;0;12;1593;73;64;73;65;61;61;60;57;56;60;62;56;56;60;56;60;62;56;59;52;56;51;54;51;48;43;44;37
14.03.2021;Stadtverordnetenwahl;06414000;;Breckenheim;4;4;1702;1009;0;2711;1565;866;54;116491;313;159;87;45338;859;666;642;703;652;621;624;1166;661;637;608;608;629;586;717;669;590;582;576;573;579;588;581;552;749;557;595;542;586;548;537;544;540;531;533;623;514;577;525;533;514;533;581;587;578;555;518;519;500;553;500;577;540;503;524;622;508;531;533;520;485;487;482;485;490;475;478;471;482;460;446;471;451;438;439;460;443;467;509;429;491;130;19;45;16485;712;462;460;438;453;413;427;416;428;405;408;406;403;386;418;386;390;375;373;375;386;359;368;345;356;349;353;202;208;194;218;195;220;197;211;200;200;199;214;198;204;193;210;191;204;195;210;193;206;189;198;193;204;189;202;48;59;25472;419;426;509;373;446;406;385;359;365;369;346;325;346;326;325;357;332;328;329;342;341;346;332;330;315;314;342;360;312;323;324;326;310;316;311;309;307;311;312;302;299;301;305;297;307;307;297;290;298;303;298;293;303;292;293;295;298;292;304;284;282;285;285;359;273;274;297;273;263;407;261;258;256;252;254;234;259;228;224;220;216;54;2;7;5209;225;218;212;211;201;198;198;197;192;191;188;188;188;188;192;190;187;184;184;189;186;183;181;184;181;125;125;123;93;5;19;10092;322;188;189;173;164;172;168;160;160;159;137;130;138;134;132;132;127;131;127;129;124;127;133;121;119;120;119;121;126;121;118;119;116;120;119;119;116;115;120;115;115;115;115;115;119;114;120;114;120;114;120;114;117;116;116;113;113;116;124;117;118;112;115;111;112;111;111;110;111;110;110;112;107;110;108;103;103;104;104;103;17;0;3;1769;83;72;70;67;63;63;60;72;67;42;46;51;42;41;41;43;48;44;44;43;47;41;41;41;44;41;41;41;41;41;42;42;41;41;41;41;14;1;2;1607;101;100;90;67;69;58;55;55;58;55;56;58;52;54;51;51;51;51;51;60;57;51;50;51;49;35;35;36;43;10;23;6349;323;286;249;232;227;230;323;223;233;221;221;225;227;216;215;218;254;207;210;225;198;200;197;238;154;153;150;144;150;3;0;1;368;26;20;15;8;8;15;11;8;8;9;10;7;7;10;12;8;7;8;7;11;7;10;7;10;7;7;10;10;7;7;7;7;7;7;10;8;8;10;7;2;1;1;341;23;19;17;22;17;11;11;11;11;11;11;11;11;11;11;13;11;11;11;11;11;8;7;13;7;6;6;6;6;6;15;0;3;834;79;76;79;74;79;76;79;73;73;73;73;14;0;7;1641;90;74;77;67;67;61;62;60;60;57;56;56;59;55;55;55;55;55;54;54;54;40;43;40;40;39;39;39;39;39;3;1;0;250;12;9;9;9;9;9;9;9;9;9;10;9;9;9;9;9;9;9;9;9;11;9;9;10;9;9;9;4;0;3;736;60;47;41;34;33;34;30;25;25;25;28;25;22;26;23;22;21;21;21;21;23;20;21;20;22;15;16;15
14.03.2021;Stadtverordnetenwahl;06414000;;Amöneburg;2;2;920;143;0;1063;302;119;14;21478;26;29;3;4352;66;56;56;64;62;60;60;56;59;56;82;52;68;57;56;53;54;57;68;54;54;57;58;51;58;52;55;54;55;55;55;57;51;61;54;53;72;64;52;52;53;53;49;53;52;56;52;55;49;50;53;53;48;56;59;51;51;52;47;50;51;48;47;52;51;49;51;48;48;46;54;46;47;44;44;43;43;43;44;46;49;28;3;10;3428;99;96;108;80;86;80;86;112;100;80;85;79;91;92;83;78;79;76;89;76;78;76;76;72;75;70;75;41;48;44;48;41;44;40;44;41;43;39;46;39;44;40;44;40;43;39;45;39;45;39;45;40;47;43;55;22;8;6725;106;112;112;89;103;88;88;89;88;88;87;88;89;95;99;88;88;85;86;85;94;88;88;84;91;83;84;84;83;83;81;82;82;81;81;81;85;83;82;82;80;81;81;80;80;81;80;79;79;81;79;81;80;80;82;78;114;80;78;77;77;76;77;77;76;76;79;76;76;80;75;75;74;73;82;70;72;67;66;63;72;25;4;4;2713;107;103;103;103;103;103;103;100;100;100;100;100;100;100;100;101;100;100;100;100;98;99;97;96;96;68;67;66;11;1;5;1326;36;19;19;20;17;20;18;17;17;18;23;29;17;19;20;17;17;17;17;17;17;16;16;16;16;16;16;16;16;16;16;23;16;16;16;16;18;15;15;15;15;16;15;15;16;15;15;15;15;21;16;15;15;15;16;15;15;16;15;16;15;15;15;15;16;15;15;15;15;15;15;15;15;15;15;14;14;15;12;12;12;2;2;1475;54;60;52;49;50;53;48;60;52;38;42;37;39;34;38;35;37;36;34;34;37;37;41;35;36;34;36;34;34;38;35;41;39;38;42;36;1;0;2;220;9;7;15;10;12;5;11;8;5;5;9;8;8;8;11;5;8;8;5;11;8;5;5;11;5;4;7;7;1;0;4;395;23;16;15;15;15;15;15;14;14;13;13;13;16;15;13;12;16;12;12;17;10;14;10;16;9;10;9;13;10;0;0;0;65;0;0;3;0;1;3;3;0;0;3;12;0;0;3;3;0;9;0;0;3;0;3;0;3;0;0;0;3;0;6;0;0;3;0;3;0;0;1;0;2;0;0;162;6;6;6;6;6;6;6;6;6;6;6;6;6;6;6;6;6;6;6;6;6;4;4;4;4;4;4;4;4;4;0;0;1;63;9;6;6;6;6;5;5;5;5;5;5;2;1;1;329;18;16;12;14;12;12;12;12;11;11;14;8;12;12;11;11;11;15;11;11;11;6;9;10;9;9;9;9;5;6;0;0;1;66;6;3;3;3;3;3;3;3;3;2;2;2;2;2;2;2;2;2;2;2;2;2;2;2;2;2;2;1;0;1;159;6;6;6;6;6;6;6;6;6;6;6;9;6;6;6;6;6;6;6;5;5;5;5;5;5;4;4;4
14.03.2021;Stadtverordnetenwahl;06414000;;Kastel;9;9;7206;1986;0;9192;3167;1737;154;233875;337;130;61;42461;707;607;635;641;602;589;587;577;625;594;607;553;720;570;595;533;558;527;545;556;531;516;555;522;528;508;636;519;505;508;496;527;507;490;502;499;539;521;495;523;507;512;485;569;484;891;501;496;479;486;487;507;512;488;486;497;482;802;481;490;472;472;480;477;486;552;462;455;464;450;452;448;451;426;424;420;409;428;412;414;410;494;52;148;59807;1714;1630;1694;1597;1639;1542;1582;1799;1621;1455;1505;1463;1544;1453;1423;1377;1411;1387;1425;1354;1350;1355;1346;1322;1367;1271;1275;757;780;783;770;735;768;729;758;729;750;729;769;719;751;720;756;714;748;710;738;703;740;681;753;682;730;704;319;127;79;44141;779;1208;775;680;735;689;637;671;619;628;595;611;605;589;877;586;577;581;544;578;565;606;559;572;628;541;554;538;543;548;534;527;511;545;506;527;503;527;517;519;494;529;506;529;511;515;487;503;501;512;499;495;487;527;493;485;522;490;496;491;492;500;533;488;470;474;522;485;478;488;465;459;444;444;449;439;437;414;397;392;365;178;40;14;19379;767;743;736;745;735;726;739;722;732;725;715;724;715;714;706;712;720;710;698;708;694;686;690;698;684;482;482;471;126;28;32;16001;438;295;289;272;259;267;257;246;242;247;234;408;225;231;333;208;207;260;205;207;201;195;206;197;230;196;183;187;197;183;185;200;189;181;181;192;181;180;181;180;175;176;172;179;181;184;170;175;177;182;171;181;170;176;186;177;167;173;176;169;174;168;176;189;171;176;173;170;176;168;165;163;162;162;168;160;159;157;147;145;151;30;50;21110;825;927;837;767;788;762;757;965;770;549;594;558;544;515;561;513;519;491;517;487;548;484;527;486;506;474;515;463;500;519;492;470;485;454;490;451;14;3;6;2067;130;93;115;80;83;77;82;75;71;71;75;72;67;79;72;67;72;71;67;70;67;63;64;70;64;49;52;49;33;1;10;3918;241;176;162;158;150;186;145;144;146;145;135;136;134;133;137;137;133;132;134;130;123;124;124;94;89;90;95;92;93;8;4;5;1622;91;106;81;48;44;53;50;42;45;46;39;43;42;44;41;39;39;38;36;37;33;33;31;32;32;34;36;32;34;31;35;34;30;30;32;34;33;30;32;6;3;2;920;43;42;45;42;36;36;37;34;33;37;34;31;31;31;31;31;31;31;30;30;30;21;21;21;21;22;22;21;21;24;18;5;15;2438;266;275;237;221;211;207;209;205;202;205;200;122;5;27;14238;694;694;642;631;573;578;537;560;521;549;499;534;491;514;478;483;463;476;457;479;451;358;320;343;320;344;316;314;311;308;11;2;5;1750;85;78;78;70;75;71;69;64;60;63;58;60;56;58;58;67;61;63;64;64;66;61;56;66;59;61;59;26;4;23;4023;209;190;172;174;164;165;154;154;156;157;145;140;142;137;138;137;134;136;135;130;129;129;129;130;133;103;104;97
14.03.2021;Stadtverordnetenwahl;06414000;;Kostheim;11;11;8173;2128;0;10301;3583;1812;196;260059;501;211;78;64174;967;877;857;915;860;840;836;858;836;858;824;800;848;820;808;781;828;783;803;792;774;794;784;775;807;762;1536;760;796;786;746;762;760;757;757;760;787;788;750;773;765;750;752;1089;745;958;751;767;742;752;746;766;990;743;737;751;738;953;736;733;743;731;725;730;784;1178;724;711;732;734;703;710;701;672;686;652;627;676;649;686;651;412;27;119;47126;1387;1290;1348;1269;1300;1229;1245;1384;1233;1185;1192;1152;1171;1134;1139;1129;1119;1072;1093;1069;1092;1037;1068;1027;1056;1008;1020;571;599;589;599;567;606;568;589;562;588;564;623;561;592;553;601;555;586;553;599;552;584;542;597;546;578;654;457;167;101;60096;1073;1424;1040;905;961;889;856;887;839;853;879;824;792;805;1174;780;780;781;740;785;758;771;779;756;1014;730;721;722;730;735;751;701;717;728;705;716;702;710;710;698;691;704;704;703;709;702;687;699;695;697;684;694;681;899;676;683;700;677;689;669;671;676;740;676;665;655;694;651;668;632;635;627;616;607;608;592;585;559;548;518;509;231;49;21;24818;978;964;964;948;929;929;928;916;930;920;914;909;920;913;894;912;919;911;899;908;887;900;881;899;890;626;621;609;117;20;20;14041;394;266;259;244;238;233;216;228;218;214;197;325;191;191;262;189;182;517;183;185;167;184;168;166;180;164;158;151;158;159;154;197;154;150;151;166;151;153;159;164;151;148;149;148;156;158;153;148;149;160;148;157;146;146;161;158;146;148;146;144;145;143;150;145;144;146;149;140;142;140;143;144;135;138;143;139;136;142;139;132;128;21;44;17218;740;851;709;647;667;628;632;799;595;435;449;434;430;409;430;413;418;409;418;401;430;394;418;398;394;394;398;380;399;414;396;378;385;371;380;375;21;0;3;2125;113;103;94;90;80;79;82;80;76;78;76;72;73;73;76;71;71;70;71;70;70;71;72;71;74;54;58;57;103;3;24;10915;471;461;448;429;424;418;420;403;415;404;401;408;410;392;396;387;387;374;377;378;368;372;363;269;263;269;267;269;272;10;1;1;1324;80;60;66;37;29;38;29;32;28;29;34;33;29;33;44;26;35;23;22;28;32;22;28;29;22;22;22;35;29;26;32;31;31;33;33;39;41;41;41;6;1;0;771;46;42;45;39;35;29;26;24;28;26;22;26;25;25;26;25;25;22;25;25;25;19;18;18;18;18;18;16;19;16;25;2;18;2349;265;235;213;217;207;200;203;204;206;198;201;62;4;17;7642;370;369;326;315;300;356;315;294;275;281;257;269;252;264;248;248;245;254;239;299;240;184;175;187;179;190;174;176;178;183;16;6;7;2289;104;88;91;96;107;83;86;77;86;76;82;92;81;82;88;85;84;78;82;81;79;83;77;87;74;81;79;46;3;12;5171;254;240;228;220;211;222;200;202;190;188;210;182;181;186;180;180;171;175;170;171;167;167;176;169;170;120;124;117
